id,usermail,fingerprint_date,organization
1,1@admin.com,1/1/2015,1
2,1@admin.com,1/1/2015,1
3,1@admin.com,1/1/2015,1
4,1@admin.com,1/1/2015,1
5,1@admin.com,1/1/2015,1
6,1@admin.com,1/1/2015,1
7,1@admin.com,1/1/2015,1
8,1@admin.com,1/1/2015,1
9,1@admin.com,1/1/2015,1
10,1@admin.com,1/1/2015,1
11,1@admin.com,1/1/2015,1
12,1@admin.com,1/1/2015,1
13,1@admin.com,1/1/2015,1
14,1@admin.com,1/1/2015,1
15,1@admin.com,1/1/2015,1
16,1@admin.com,1/1/2015,1
17,1@admin.com,1/1/2015,1
18,1@admin.com,1/1/2015,1
19,1@admin.com,1/1/2015,1
20,1@admin.com,1/1/2015,1
21,1@admin.com,1/1/2015,1
22,1@admin.com,1/1/2015,1
23,1@admin.com,1/1/2015,1
24,1@admin.com,1/1/2015,1
25,2@admin.com,1/1/2015,1
26,2@admin.com,1/1/2015,1
27,2@admin.com,1/1/2015,1
28,2@admin.com,1/1/2015,1
29,2@admin.com,1/1/2015,1
30,2@admin.com,1/1/2015,1
31,2@admin.com,1/1/2015,1
32,2@admin.com,1/1/2015,1
33,2@admin.com,1/1/2015,1
34,2@admin.com,1/1/2015,1
35,2@admin.com,1/1/2015,1
36,2@admin.com,1/1/2015,1
37,2@admin.com,1/1/2015,1
38,2@admin.com,1/1/2015,1
39,2@admin.com,1/1/2015,1
40,2@admin.com,1/1/2015,1
41,2@admin.com,1/1/2015,1
42,2@admin.com,1/1/2015,1
43,2@admin.com,1/1/2015,1
44,2@admin.com,1/1/2015,1
45,2@admin.com,1/1/2015,1
46,2@admin.com,1/1/2015,1
47,2@admin.com,1/1/2015,1
48,2@admin.com,1/1/2015,1
49,2@admin.com,1/1/2015,1
50,3@admin.com,1/1/2015,1
51,3@admin.com,1/1/2015,1
52,3@admin.com,1/1/2015,1
53,3@admin.com,1/1/2015,1
54,3@admin.com,1/1/2015,1
55,3@admin.com,1/1/2015,1
56,3@admin.com,1/1/2015,1
57,3@admin.com,1/1/2015,1
58,3@admin.com,1/1/2015,1
59,3@admin.com,1/1/2015,1
60,3@admin.com,1/1/2015,1
61,3@admin.com,1/1/2015,1
62,3@admin.com,1/1/2015,1
63,3@admin.com,1/1/2015,1
64,3@admin.com,1/1/2015,1
65,3@admin.com,1/1/2015,1
66,3@admin.com,1/1/2015,1
67,3@admin.com,1/1/2015,1
68,3@admin.com,1/1/2015,1
69,3@admin.com,1/1/2015,1
70,3@admin.com,1/1/2015,1
71,3@admin.com,1/1/2015,1
72,3@admin.com,1/1/2015,1
73,3@admin.com,1/1/2015,1
74,3@admin.com,1/1/2015,1
75,4@admin.com,1/1/2015,1
76,4@admin.com,1/1/2015,1
77,4@admin.com,1/1/2015,1
78,4@admin.com,1/1/2015,1
79,4@admin.com,1/1/2015,1
80,4@admin.com,1/1/2015,1
81,4@admin.com,1/1/2015,1
82,4@admin.com,1/1/2015,1
83,4@admin.com,1/1/2015,1
84,4@admin.com,1/1/2015,1
85,4@admin.com,1/1/2015,1
86,4@admin.com,1/1/2015,1
87,4@admin.com,1/1/2015,1
88,4@admin.com,1/1/2015,1
89,4@admin.com,1/1/2015,1
90,4@admin.com,1/1/2015,1
91,4@admin.com,1/1/2015,1
92,4@admin.com,1/1/2015,1
93,4@admin.com,1/1/2015,1
94,4@admin.com,1/1/2015,1
95,4@admin.com,1/1/2015,1
96,4@admin.com,1/1/2015,1
97,4@admin.com,1/1/2015,1
98,4@admin.com,1/1/2015,1
99,4@admin.com,1/1/2015,1
100,5@admin.com,1/1/2015,1
101,5@admin.com,1/1/2015,1
102,5@admin.com,1/1/2015,1
103,5@admin.com,1/1/2015,1
104,5@admin.com,1/1/2015,1
105,5@admin.com,1/1/2015,1
106,5@admin.com,1/1/2015,1
107,5@admin.com,1/1/2015,1
108,5@admin.com,1/1/2015,1
109,5@admin.com,1/1/2015,1
110,5@admin.com,1/1/2015,1
111,5@admin.com,1/1/2015,1
112,5@admin.com,1/1/2015,1
113,5@admin.com,1/1/2015,1
114,5@admin.com,1/1/2015,1
115,5@admin.com,1/1/2015,1
116,5@admin.com,1/1/2015,1
117,5@admin.com,1/1/2015,1
118,5@admin.com,1/1/2015,1
119,5@admin.com,1/1/2015,1
120,5@admin.com,1/1/2015,1
121,5@admin.com,1/1/2015,1
122,5@admin.com,1/1/2015,1
123,5@admin.com,1/1/2015,1
124,5@admin.com,1/1/2015,1
125,6@admin.com,1/1/2015,1
126,6@admin.com,1/1/2015,1
127,6@admin.com,1/1/2015,1
128,6@admin.com,1/1/2015,1
129,6@admin.com,1/1/2015,1
130,6@admin.com,1/1/2015,1
131,6@admin.com,1/1/2015,1
132,6@admin.com,1/1/2015,1
133,6@admin.com,1/1/2015,1
134,6@admin.com,1/1/2015,1
135,6@admin.com,1/1/2015,1
136,6@admin.com,1/1/2015,1
137,6@admin.com,1/1/2015,1
138,6@admin.com,1/1/2015,1
139,6@admin.com,1/1/2015,1
140,6@admin.com,1/1/2015,1
141,6@admin.com,1/1/2015,1
142,6@admin.com,1/1/2015,1
143,6@admin.com,1/1/2015,1
144,6@admin.com,1/1/2015,1
145,6@admin.com,1/1/2015,1
146,6@admin.com,1/1/2015,1
147,6@admin.com,1/1/2015,1
148,6@admin.com,1/1/2015,1
149,6@admin.com,1/1/2015,1
150,7@admin.com,1/1/2015,1
151,7@admin.com,1/1/2015,1
152,7@admin.com,1/1/2015,1
153,7@admin.com,1/1/2015,1
154,7@admin.com,1/1/2015,1
155,7@admin.com,1/1/2015,1
156,7@admin.com,1/1/2015,1
157,7@admin.com,1/1/2015,1
158,7@admin.com,1/1/2015,1
159,7@admin.com,1/1/2015,1
160,7@admin.com,1/1/2015,1
161,7@admin.com,1/1/2015,1
162,7@admin.com,1/1/2015,1
163,7@admin.com,1/1/2015,1
164,7@admin.com,1/1/2015,1
165,7@admin.com,1/1/2015,1
166,7@admin.com,1/1/2015,1
167,7@admin.com,1/1/2015,2
168,7@admin.com,1/1/2015,2
169,7@admin.com,1/1/2015,2
170,7@admin.com,1/1/2015,2
171,7@admin.com,1/1/2015,2
172,7@admin.com,1/1/2015,2
173,7@admin.com,1/1/2015,2
174,7@admin.com,1/1/2015,2
175,8@admin.com,1/1/2015,2
176,8@admin.com,1/1/2015,2
177,8@admin.com,1/1/2015,2
178,8@admin.com,1/1/2015,2
179,8@admin.com,1/1/2015,2
180,8@admin.com,1/1/2015,2
181,8@admin.com,1/1/2015,2
182,8@admin.com,1/1/2015,2
183,8@admin.com,1/1/2015,2
184,8@admin.com,1/1/2015,2
185,8@admin.com,1/1/2015,2
186,8@admin.com,1/1/2015,2
187,8@admin.com,1/1/2015,2
188,8@admin.com,1/1/2015,2
189,8@admin.com,1/1/2015,2
190,8@admin.com,1/1/2015,2
191,8@admin.com,1/1/2015,2
192,8@admin.com,1/1/2015,2
193,8@admin.com,1/1/2015,2
194,8@admin.com,1/1/2015,2
195,8@admin.com,1/1/2015,2
196,8@admin.com,1/1/2015,2
197,8@admin.com,1/1/2015,2
198,8@admin.com,1/1/2015,2
199,8@admin.com,1/1/2015,2
200,9@admin.com,1/1/2015,2
201,9@admin.com,1/1/2015,2
202,9@admin.com,1/1/2015,2
203,9@admin.com,1/1/2015,2
204,9@admin.com,1/1/2015,2
205,9@admin.com,1/1/2015,2
206,9@admin.com,1/1/2015,2
207,9@admin.com,1/1/2015,2
208,9@admin.com,1/1/2015,2
209,9@admin.com,1/1/2015,2
210,9@admin.com,1/1/2015,2
211,9@admin.com,1/1/2015,2
212,9@admin.com,1/1/2015,2
213,9@admin.com,1/1/2015,2
214,9@admin.com,1/1/2015,2
215,9@admin.com,1/1/2015,2
216,9@admin.com,1/1/2015,2
217,9@admin.com,1/1/2015,2
218,9@admin.com,1/1/2015,2
219,9@admin.com,1/1/2015,2
220,9@admin.com,1/1/2015,2
221,9@admin.com,1/1/2015,2
222,9@admin.com,1/1/2015,2
223,9@admin.com,1/1/2015,2
224,9@admin.com,1/1/2015,2
225,10@admin.com,1/1/2015,2
226,10@admin.com,1/1/2015,2
227,10@admin.com,1/1/2015,2
228,10@admin.com,1/1/2015,2
229,10@admin.com,1/1/2015,2
230,10@admin.com,1/1/2015,2
231,10@admin.com,1/1/2015,2
232,10@admin.com,1/1/2015,2
233,10@admin.com,1/1/2015,2
234,10@admin.com,1/1/2015,2
235,10@admin.com,1/1/2015,2
236,10@admin.com,1/1/2015,2
237,10@admin.com,1/1/2015,2
238,10@admin.com,1/1/2015,2
239,10@admin.com,1/1/2015,2
240,10@admin.com,1/1/2015,2
241,10@admin.com,1/1/2015,2
242,10@admin.com,1/1/2015,2
243,10@admin.com,1/1/2015,2
244,10@admin.com,1/1/2015,2
245,10@admin.com,1/1/2015,2
246,10@admin.com,1/1/2015,2
247,10@admin.com,1/1/2015,2
248,10@admin.com,1/1/2015,2
249,10@admin.com,1/1/2015,2
250,11@admin.com,1/1/2015,2
251,11@admin.com,1/1/2015,2
252,11@admin.com,1/1/2015,2
253,11@admin.com,1/1/2015,2
254,11@admin.com,1/1/2015,2
255,11@admin.com,1/1/2015,2
256,11@admin.com,1/1/2015,2
257,11@admin.com,1/1/2015,2
258,11@admin.com,1/1/2015,2
259,11@admin.com,1/1/2015,2
260,11@admin.com,1/1/2015,2
261,11@admin.com,1/1/2015,2
262,11@admin.com,1/1/2015,2
263,11@admin.com,1/1/2015,2
264,11@admin.com,1/1/2015,2
265,11@admin.com,1/1/2015,2
266,11@admin.com,1/1/2015,2
267,11@admin.com,1/1/2015,2
268,11@admin.com,1/1/2015,2
269,11@admin.com,1/1/2015,2
270,11@admin.com,1/1/2015,2
271,11@admin.com,1/1/2015,2
272,11@admin.com,1/1/2015,2
273,11@admin.com,1/1/2015,2
274,11@admin.com,1/1/2015,2
275,12@admin.com,1/1/2015,2
276,12@admin.com,1/1/2015,2
277,12@admin.com,1/1/2015,2
278,12@admin.com,1/1/2015,2
279,12@admin.com,1/1/2015,2
280,12@admin.com,1/1/2015,2
281,12@admin.com,1/1/2015,2
282,12@admin.com,1/1/2015,2
283,12@admin.com,1/1/2015,2
284,12@admin.com,1/1/2015,2
285,12@admin.com,1/1/2015,2
286,12@admin.com,1/1/2015,2
287,12@admin.com,1/1/2015,2
288,12@admin.com,1/1/2015,2
289,12@admin.com,1/1/2015,2
290,12@admin.com,1/1/2015,2
291,12@admin.com,1/1/2015,2
292,12@admin.com,1/1/2015,2
293,12@admin.com,1/1/2015,2
294,12@admin.com,1/1/2015,2
295,12@admin.com,1/1/2015,2
296,12@admin.com,1/1/2015,2
297,12@admin.com,1/1/2015,2
298,12@admin.com,1/1/2015,2
299,12@admin.com,1/1/2015,2
300,13@admin.com,1/1/2015,2
301,13@admin.com,1/1/2015,2
302,13@admin.com,1/1/2015,2
303,13@admin.com,1/1/2015,2
304,13@admin.com,1/1/2015,2
305,13@admin.com,1/1/2015,2
306,13@admin.com,1/1/2015,2
307,13@admin.com,1/1/2015,2
308,13@admin.com,1/1/2015,2
309,13@admin.com,1/1/2015,2
310,13@admin.com,1/1/2015,2
311,13@admin.com,1/1/2015,2
312,13@admin.com,1/1/2015,2
313,13@admin.com,1/1/2015,2
314,13@admin.com,1/1/2015,2
315,13@admin.com,1/1/2015,2
316,13@admin.com,1/1/2015,2
317,13@admin.com,1/1/2015,2
318,13@admin.com,1/1/2015,2
319,13@admin.com,1/1/2015,2
320,13@admin.com,1/1/2015,2
321,13@admin.com,1/1/2015,2
322,13@admin.com,1/1/2015,2
323,13@admin.com,1/1/2015,2
324,13@admin.com,1/1/2015,2
325,14@admin.com,1/1/2015,2
326,14@admin.com,1/1/2015,2
327,14@admin.com,1/1/2015,2
328,14@admin.com,1/1/2015,2
329,14@admin.com,1/1/2015,2
330,14@admin.com,1/1/2015,2
331,14@admin.com,1/1/2015,2
332,14@admin.com,1/1/2015,2
333,14@admin.com,1/1/2015,2
334,14@admin.com,1/1/2015,2
335,14@admin.com,1/1/2015,3
336,14@admin.com,1/1/2015,3
337,14@admin.com,1/1/2015,3
338,14@admin.com,1/1/2015,3
339,14@admin.com,1/1/2015,3
340,14@admin.com,1/1/2015,3
341,14@admin.com,1/1/2015,3
342,14@admin.com,1/1/2015,3
343,14@admin.com,1/1/2015,3
344,14@admin.com,1/1/2015,3
345,14@admin.com,1/1/2015,3
346,14@admin.com,1/1/2015,3
347,14@admin.com,1/1/2015,3
348,14@admin.com,1/1/2015,3
349,14@admin.com,1/1/2015,3
350,15@admin.com,1/1/2015,3
351,15@admin.com,1/1/2015,3
352,15@admin.com,1/1/2015,3
353,15@admin.com,1/1/2015,3
354,15@admin.com,1/1/2015,3
355,15@admin.com,1/1/2015,3
356,15@admin.com,1/1/2015,3
357,15@admin.com,1/1/2015,3
358,15@admin.com,1/1/2015,3
359,15@admin.com,1/1/2015,3
360,15@admin.com,1/1/2015,3
361,15@admin.com,1/1/2015,3
362,15@admin.com,1/1/2015,3
363,15@admin.com,1/1/2015,3
364,15@admin.com,1/1/2015,3
365,15@admin.com,1/1/2015,3
366,15@admin.com,1/1/2015,3
367,15@admin.com,1/1/2015,3
368,15@admin.com,1/1/2015,3
369,15@admin.com,1/1/2015,3
370,15@admin.com,1/1/2015,3
371,15@admin.com,1/1/2015,3
372,15@admin.com,1/1/2015,3
373,15@admin.com,1/1/2015,3
374,15@admin.com,1/1/2015,3
375,16@admin.com,1/1/2015,3
376,16@admin.com,1/1/2015,3
377,16@admin.com,1/1/2015,3
378,16@admin.com,1/1/2015,3
379,16@admin.com,1/1/2015,3
380,16@admin.com,1/1/2015,3
381,16@admin.com,1/1/2015,3
382,16@admin.com,1/1/2015,3
383,16@admin.com,1/1/2015,3
384,16@admin.com,1/1/2015,3
385,16@admin.com,1/1/2015,3
386,16@admin.com,1/1/2015,3
387,16@admin.com,1/1/2015,3
388,16@admin.com,1/1/2015,3
389,16@admin.com,1/1/2015,3
390,16@admin.com,1/1/2015,3
391,16@admin.com,1/1/2015,3
392,16@admin.com,1/1/2015,3
393,16@admin.com,1/1/2015,3
394,16@admin.com,1/1/2015,3
395,16@admin.com,1/1/2015,3
396,16@admin.com,1/1/2015,3
397,16@admin.com,1/1/2015,3
398,16@admin.com,1/1/2015,3
399,16@admin.com,1/1/2015,3
400,17@admin.com,1/1/2015,3
401,17@admin.com,1/1/2015,3
402,17@admin.com,1/1/2015,3
403,17@admin.com,1/1/2015,3
404,17@admin.com,1/1/2015,3
405,17@admin.com,1/1/2015,3
406,17@admin.com,1/1/2015,3
407,17@admin.com,1/1/2015,3
408,17@admin.com,1/1/2015,3
409,17@admin.com,1/1/2015,3
410,17@admin.com,1/1/2015,3
411,17@admin.com,1/1/2015,3
412,17@admin.com,1/1/2015,3
413,17@admin.com,1/1/2015,3
414,17@admin.com,1/1/2015,3
415,17@admin.com,1/1/2015,3
416,17@admin.com,1/1/2015,3
417,17@admin.com,1/1/2015,3
418,17@admin.com,1/1/2015,3
419,17@admin.com,1/1/2015,3
420,17@admin.com,1/1/2015,3
421,17@admin.com,1/1/2015,3
422,17@admin.com,1/1/2015,3
423,17@admin.com,1/1/2015,3
424,17@admin.com,1/1/2015,3
425,18@admin.com,1/1/2015,3
426,18@admin.com,1/1/2015,3
427,18@admin.com,1/1/2015,3
428,18@admin.com,1/1/2015,3
429,18@admin.com,1/1/2015,3
430,18@admin.com,1/1/2015,3
431,18@admin.com,1/1/2015,3
432,18@admin.com,1/1/2015,3
433,18@admin.com,1/1/2015,3
434,18@admin.com,1/1/2015,3
435,18@admin.com,1/1/2015,3
436,18@admin.com,1/1/2015,3
437,18@admin.com,1/1/2015,3
438,18@admin.com,1/1/2015,3
439,18@admin.com,1/1/2015,3
440,18@admin.com,1/1/2015,3
441,18@admin.com,1/1/2015,3
442,18@admin.com,1/1/2015,3
443,18@admin.com,1/1/2015,3
444,18@admin.com,1/1/2015,3
445,18@admin.com,1/1/2015,3
446,18@admin.com,1/1/2015,3
447,18@admin.com,1/1/2015,3
448,18@admin.com,1/1/2015,3
449,18@admin.com,1/1/2015,3
450,19@admin.com,1/1/2015,3
451,19@admin.com,1/1/2015,3
452,19@admin.com,1/1/2015,3
453,19@admin.com,1/1/2015,3
454,19@admin.com,1/1/2015,3
455,19@admin.com,1/1/2015,3
456,19@admin.com,1/1/2015,3
457,19@admin.com,1/1/2015,3
458,19@admin.com,1/1/2015,3
459,19@admin.com,1/1/2015,3
460,19@admin.com,1/1/2015,3
461,19@admin.com,1/1/2015,3
462,19@admin.com,1/1/2015,3
463,19@admin.com,1/1/2015,3
464,19@admin.com,1/1/2015,3
465,19@admin.com,1/1/2015,3
466,19@admin.com,1/1/2015,3
467,19@admin.com,1/1/2015,3
468,19@admin.com,1/1/2015,3
469,19@admin.com,1/1/2015,3
470,19@admin.com,1/1/2015,3
471,19@admin.com,1/1/2015,3
472,19@admin.com,1/1/2015,3
473,19@admin.com,1/1/2015,3
474,19@admin.com,1/1/2015,3
475,20@admin.com,1/1/2015,3
476,20@admin.com,1/1/2015,3
477,20@admin.com,1/1/2015,3
478,20@admin.com,1/1/2015,3
479,20@admin.com,1/1/2015,3
480,20@admin.com,1/1/2015,3
481,20@admin.com,1/1/2015,3
482,20@admin.com,1/1/2015,3
483,20@admin.com,1/1/2015,3
484,20@admin.com,1/1/2015,3
485,20@admin.com,1/1/2015,3
486,20@admin.com,1/1/2015,3
487,20@admin.com,1/1/2015,3
488,20@admin.com,1/1/2015,3
489,20@admin.com,1/1/2015,3
490,20@admin.com,1/1/2015,3
491,20@admin.com,1/1/2015,3
492,20@admin.com,1/1/2015,3
493,20@admin.com,1/1/2015,3
494,20@admin.com,1/1/2015,3
495,20@admin.com,1/1/2015,3
496,20@admin.com,1/1/2015,3
497,20@admin.com,1/1/2015,3
498,20@admin.com,1/1/2015,3
499,20@admin.com,1/1/2015,3
500,1@admin.com,1/1/2015,1
